"Country Name","Country Code","Year","Agriculture (% GDP)","Ease of Doing Business","Education Expenditure (% GDP)","Export (% GDP)","GDP","Health Expenditure (% GDP)","Import (% GDP)","Industry (% GDP)","Inflation Rate","R&D","Service (% GDP)","Unemployment","Population","Land","Continent Name","Export","Import","Education Expenditure","Health Expenditure","Net Trade","GDP Per Capita","Population Density"
"Argentina","ARG",2012,5.7817442068501,57.686538,14.5182600021362,16.2378594620246,545982375701.128,9.82726669,14.2886829096862,24.4290570649122,0,3466496633.04131,53.6581179163924,7.22,41733271,2780400,"South America",88655850853.7723,78013690406.7058,79267140870.1299,53655144140.5476,10642160447.0665,13082.664325572,15.0098083009639
"Argentina","ARG",2013,6.05291843670451,57.686538,14.4579296112061,14.6171733884386,552025140252.246,9.78097916,14.7167556136651,24.0058814423072,0,3414220183.39219,53.9190936666216,7.1,42202935,2780400,"South America",80690471898.4422,81240190816.9151,79811406213.8315,53993463926.033,-549718918.4729,13080.2547323366,15.1787278808804
"Argentina","ARG",2014,6.71270351428559,57.686538,13.7993297576904,14.4054785893756,526319673731.638,9.67129993,14.0013150558519,24.2773944936602,0,3126128266.53564,52.9405434663365,7.27,42669500,2780400,"South America",75818867911.0826,73691675720.0984,72628587357.8289,50901954237.1841,2127192190.98419,12334.7982453893,15.3465328729679
"Argentina","ARG",2015,5.1566859021408,56.73295,13.9633102416992,10.7056520504538,594749285413.212,10.22933674,11.7805740385254,23.153056135905,0,3703027920.75151,55.8149012843362,7.524,43131966,2780400,"South America",63671789068.8989,70064879911.7042,83046687882.5358,60838907163.6612,-6393090842.80534,13789.060424772,15.5128636167458
"Argentina","ARG",2016,6.26456582010254,57.2443,13.3555402755737,12.5270951690009,557532317363.451,9.00189781,13.5667926798789,22.0541072112108,0,3111866592.67651,56.1222358547004,8.109,43590368,2780400,"South America",69842603994.0556,75639253620.0239,74461453194.8151,50188489466.7828,-5796649625.96822,12790.2640639201,15.6777327003309
"Argentina","ARG",2017,5.23162237725058,57.31005,13.2639198303223,11.3202833596733,643628396190.388,10.44225693,13.9693177780045,21.782123219335,0,3580569118.20222,57.3499373815692,8.35,44044811,2780400,"South America",72860558232.0726,89910495973.3091,85370354475.8822,67209330804.6386,-17049937741.2365,14613.035714704,15.8411778880737
"Argentina","ARG",2018,4.53787889681146,58.18388,12.5233402252197,14.4366857499034,524819898586.906,9.49909592,16.3258502050892,23.7195923321304,0,2594447096.84158,56.3697502721818,9.22,44494502,2780400,"South America",75766599511.9533,85681310489.7993,65724981469.6912,49853145574.0169,-9914710977.84599,11795.1628852236,16.0029139692131
"Argentina","ARG",2019,5.3185559967348,58.96151,12.5300703048706,17.9248783778462,447754686715.081,9.47170544,14.7057366680037,23.1578477391434,0,2046821066.07995,55.4388171093669,9.84,44938712,2780400,"South America",80259483024.7845,65845625146.9648,56103977038.7528,42410005019.4473,14413857877.8198,9963.67423069626,16.1626787512588
"Argentina","ARG",2020,6.12846695022316,57.686538,11.9168996810913,16.6108723998011,385540406815.599,9.98438072,13.6089274859868,22.1805729052757,0,1950184809.08955,55.2922037696355,11.46,45376763,2780400,"South America",64041625025.8132,52467914392.7134,45944463510.2862,38493822045.9062,11573710633.0998,8496.42815675501,16.3202283844051
"Argentina","ARG",2021,7.13154104672929,57.686538,14.630312420073,18.0342289894963,487227125385.641,8.83831249047619,14.9452529001736,23.5794730059849,0,2464548259.29027,52.5050667473174,8.74,45808747,2780400,"South America",87867655490.9868,72817326087.13,71282850639.2601,43062655879.9472,15050329403.8568,10636.1155301987,16.4755959574162
"Argentina","ARG",2022,6.44416917103214,57.686538,14.630312420073,16.7780368212333,632770284408.51,8.83831249047619,15.2982909529659,23.4032965023379,0,3200751398.50898,53.0224492903165,6.491,46234830,2780400,"South America",106166431311.882,96803039172.7237,92576269510.3495,55926215082.8991,9363392139.1588,13686.0086737317,16.6288411739318
"Australia","AUS",2012,2.26753394268406,80.657646,13.1744003295898,21.4993440769616,1546952690139.99,8.67481709,21.6673910261196,26.3845042181717,1.76278015613193,31179365480.1487,65.1707532982797,5.22,22733465,7741220,"Oceania",332584681561.01,335184288361.708,203801740308.401,134195316338.479,-2599606800.69794,68047.3781775013,2.9366772937599
"Australia","AUS",2013,2.28565217787462,80.657646,14.0413904190063,19.9857077588126,1576329690003.93,8.75082779,21.2891913949774,25.1973643961788,2.44988864142539,34340183457.5145,66.2516319578678,5.66,23128129,7741220,"Oceania",315040645159.582,335587844720.791,221338606064.164,137941896574.885,-20547199561.2085,68156.3861047268,2.98765943869313
"Australia","AUS",2014,2.22088493848043,80.657646,13.8837900161743,21.0963738828485,1467589901175.46,9.84760189,21.3753685262765,25.5787418592678,2.48792270531403,29579781072.4154,65.687599814087,6.08,23475686,7741220,"Oceania",309608252618.902,313702749830.672,203757100177.781,144522410845.604,-4094497211.76978,62515.314831501,3.03255636708426
"Australia","AUS",2015,2.37595522714462,80.38389,14.085789680481,20.0680710032927,1350580336316.75,10.18361282,21.5550374082505,23.6935141578446,1.50836672165921,25942352427.6043,67.2328367127558,6.05,23815995,7741220,"Oceania",271035420848.555,291118096721.551,190239905639.51,137537872273.552,-20082675872.996,56708.9611967398,3.07651700894691
"Australia","AUS",2016,2.40453009222111,80.22369,13.8043899536133,19.272258011581,1206562910556.58,10.09023094,21.550576819355,22.3299254677721,1.27699094497328,24318691969.5852,68.2177422176747,5.71,24190907,7741220,"Oceania",232531917194.505,260021266913.341,166558649208.897,121744984111.545,-27489349718.836,49876.7123761246,3.1249476180757
"Australia","AUS",2017,2.70322055368689,80.76007,13.6023597717285,21.231183492644,1326467487376.42,10.1257143,20.7201613801918,23.4734721075625,1.94864740944522,24927772159.9456,67.0055855376421,5.59,24594202,7741220,"Oceania",281624746215.152,274846204040.169,180430879887.948,134314308054.125,6778542174.9826,53934.1543741252,3.17704470354802
"Australia","AUS",2018,2.45811026057792,80.70552,13.4772901535034,21.8734041196439,1428266513154.48,10.07391548,21.5161440003039,24.1439568878264,1.91140094445692,28787204612.3603,66.6517785671063,5.3,24966643,7741220,"Oceania",312410506327.826,307307879678.437,192491622143.155,143882361364.325,5102626649.38904,57206.99066969,3.22515611234405
"Australia","AUS",2019,2.11618847711384,81.21506,12.8453502655029,24.1515391092117,1392218527563.26,10.22989082,21.675186593329,25.3167424649892,1.61076787290379,25467575342.8362,66.0781572916651,5.16,25340217,7741220,"Oceania",336242202170.132,301765963636.234,178835346326.728,142422435345.533,34476238533.8979,54941.0657202841,3.27341388049946
"Australia","AUS",2020,2.01210323364172,80.657646,14.4300003051758,24.0082830210698,1326944627876.87,10.6489954,20.2251510630871,25.4062827896948,0.846905537459293,26745027038.1241,66.3259527419194,6.46,25655289,7741220,"Oceania",318576621793.56,268376555511.616,191478113852.146,141306272383.155,50200066281.9445,51722.0690001531,3.31411444190967
"Australia","AUS",2021,2.30660266032948,80.657646,13.5487594043507,22.0751685117277,1552703151616.01,8.83534510952381,17.7948768973942,25.5235123309295,2.86391042204995,31295268016.2657,65.6511500808251,5.12,25688079,7741220,"Oceania",342761837206.141,276301614412.029,210372014276.224,137186681971.727,66460222794.112,60444.5023551979,3.31835020836509
"Australia","AUS",2022,3.17268869332033,80.657646,13.5487594043507,25.8121626590318,1675418665067.09,8.83534510952381,19.9417423001917,27.8759975418473,6.59409671341847,33768641551.4506,62.4279411758337,3.661,25978935,7741220,"Oceania",432461791046.896,334107672636.991,226998443945.525,148029021088.054,98354118409.9055,64491.4298860631,3.3559225806785
"Brazil","BRA",2012,4.16832822196745,56.827378,15.7277803421021,11.8775390673678,2465228293862.62,7.73637581,13.2367345454394,22.1336473656008,5.40349914037009,27779178392.772,58.7336025097824,7.25,199977707,8515770,"South America",292808453703.337,326315725197.66,387725690990.064,190719325387.663,-33507271494.3224,12327.5155558345,23.4832207774517
"Brazil","BRA",2013,4.5068861822272,56.827378,15.5927095413208,11.7422306432624,2472819362259,7.9766016,14.0437266822704,21.2248099517239,6.204310666401,29566759482.8525,59.6787579851448,7.07,201721767,8515770,"South America",290364152907.702,347275992581.916,385579540638.587,197246948815.061,-56911839674.2137,12258.5648491717,23.688024336026
"Brazil","BRA",2014,4.32561053706441,56.827378,15.4438400268555,11.0119428225147,2456043766063.5,8.39644337,13.6734629958056,20.4724627523359,6.32904015516142,31184631944.5077,61.2509740138049,6.76,203459650,8515770,"South America",270458135214.849,335826235513.483,379307470220.404,206220323959.937,-65368100298.6336,12071.4046547485,23.8921025344743
"Brazil","BRA",2015,4.31914942775652,55.61506,16.2181091308594,12.9001914177405,1802211999555.59,8.90930176,14.0534345182709,19.3600439758784,9.02990102416129,24707064180.3947,62.3078671774031,8.56,205188205,8515770,"South America",232488797696.16,253272683237.965,292284708857.369,160564505395.337,-20783885541.8058,8783.21441310718,24.095085353409
"Brazil","BRA",2016,4.89135358685971,55.22357,15.9288301467896,12.4666790443888,1795693265824.27,9.16901493,12.0670030360511,18.3547582819084,8.73914352329393,23099260163.6564,63.2036958283248,11.74,206859578,8515770,"South America",223863316072.015,216686360905.18,286032930270.487,164647383640.432,7176955166.8353,8680.73542054828,24.2913533362221
"Brazil","BRA",2017,4.60059169424122,55.6207,16.5049095153809,12.5189678700669,2063514688761.67,9.47125053,11.8007665046081,18.1885023124362,3.44637335032672,23059775564.5551,63.3386728603948,12.93,208504960,8515770,"South America",258330740880.184,243510550209.055,340581232216.707,195440645895.968,14820190671.1292,9896.71751099672,24.4845692168765
"Brazil","BRA",2018,4.42039930378329,58.59449,16.1483592987061,14.6349994952986,1916933708404.16,9.46474838,14.241203879248,18.7490514539899,3.66485028376724,22383843961.1542,62.6533503466021,12.46,210166592,8515770,"South America",280543238550.158,272994437643.866,309553342751.115,181432952111.857,7548800906.29181,9121.02009249957,24.6796933219192
"Brazil","BRA",2019,4.20501409570354,59.08307,15.958080291748,14.1229191903622,1873288159000.64,9.61449146,14.7673386789326,18.7546275752859,3.73297621216894,22629882674.1973,63.0678492545334,12.05,211782878,8515770,"South America",264562972898.284,276634806871.966,298940828509.13,180107130068.308,-12071833973.6818,8845.32393124169,24.8694924827702
"Brazil","BRA",2020,5.71148511675454,56.827378,13.9361851340846,16.4535520041337,1476107292036.59,10.31291676,15.8485265369506,19.506118396283,3.21176803803379,16564816954.9735,61.4484446469373,13.93,213196304,8515770,"South America",242872080932.05,233941255892.282,205713044995.942,152229716316.024,8930825039.76825,6923.70019715065,25.0354699575024
"Brazil","BRA",2021,7.48692132808022,56.827378,13.9361851340846,19.5616763376612,1649622972159.35,8.55106340142857,18.6197503146106,20.1501991631351,8.30165975585676,18512002972.9259,57.7556088701788,13.34,214326223,8515770,"South America",322693906605.519,307155678548.529,229894511414.516,141060306233.876,15538228056.9897,7696.78553127561,25.1681554339772
"Brazil","BRA",2022,6.81318197126279,56.827378,13.9361851340846,20.045538006281,1920095560995.06,8.55106340142857,19.2944556126532,20.6976228826191,9.2801060895687,21547235540.0788,58.9099871277796,9.461,215313498,8515770,"South America",384893485436.179,370471985736.716,267588072131.612,164188588788.703,14421499699.463,8917.67389796928,25.2840903406269
"Canada","CAN",2012,1.81134574390941,79.583546,12.8726816177368,30.3530255225878,1828366481521.6,10.51472855,32.2425234169127,26.6346687974256,1.51567823124521,32404505412.5704,65.1632411251064,7.29,34714222,9879750,"North America",554964544782.692,589511490951.585,235359795971.692,192247772431.182,-34546946168.8929,52669.0899632318,3.51367413143045
"Canada","CAN",2013,1.89423151227836,79.583546,11.2129096984863,30.3319386683867,1846597421834.98,10.41469765,31.8991362329537,26.6132351758366,0.93829189781521,31491872248.8243,65.1674412760895,7.07,35082954,9879750,"North America",560108797442.996,589048627265.351,207057301404.932,192317538296.808,-28939829822.3549,52635.1749580432,3.55099612844455
"Canada","CAN",2014,1.58654807741954,79.583546,12.1208801269531,31.7365758733408,1805749878439.94,10.25806713,32.6420862831515,27.1379424601872,1.90663590717873,30953622313.7702,64.9019974464847,6.91,35437435,9879750,"North America",573083180253.851,589434433378.269,218872778158.306,185235034730.262,-16351253124.4177,50955.9983232404,3.58687568005263
"Canada","CAN",2015,1.86983594598587,79.75597,12.351619720459,31.8499609634443,1556508816217.14,10.74362469,34.3149411035338,24.4156825468916,1.12524136094279,26355430603.5098,67.0009977683349,6.91,35702908,9879750,"North America",495747450357.728,534115083556.223,192254049894.559,167225465481.131,-38367633198.4946,43596.1355365546,3.61374609681419
"Canada","CAN",2016,1.86222589313529,79.54094,12.0354995727539,31.5025724093362,1527994741907.43,11.03318405,33.8611121122194,23.2953005455848,1.4287595470108,26414902941.0421,67.9588532993538,7,36109487,9879750,"North America",481357649980.238,517396012626.092,183901800633.971,168586472148.969,-36038362645.8545,42315.6037056807,3.65489885877679
"Canada","CAN",2017,1.88999463244888,79.30059,12.1707401275635,31.4544101509781,1649265644244.09,10.86184978,33.6466506994867,24.0278028870792,1.5968841285297,27803319510.296,67.1166720622468,6.34,36545236,9879750,"North America",518766780219.707,554922650425.448,200727835574.134,179140756750.942,-36155870205.7406,45129.4292980921,3.69900412459829
"Canada","CAN",2018,1.69989157622406,79.6798,12.0848703384399,32.3254037264858,1725297938435.76,10.84608173,34.2744821243903,24.6223059554353,2.268225672481,28970685608.0465,66.8658461527451,5.83,37065084,9879750,"North America",557709524084.096,591336933501.639,208500018811.738,187127224488.748,-33627409417.5432,46547.7951820036,3.7516216503454
"Canada","CAN",2019,1.69707935336103,79.64043,11.7379398345947,32.3526958202565,1743725183672.52,10.95021915,33.8187894602395,24.0774078769413,1.94926902411596,27753652826.9228,67.6711634824727,5.66,37601230,9879750,"North America",564142104614.779,589706748631.384,204677412940.156,190941728985.881,-25564644016.6046,46374.152751719,3.80588881297604
"Canada","CAN",2020,1.82373910790843,79.583546,10,29.6808453346886,1647598402302.68,12.93967533,31.9210782008806,26.8649274908821,0.716999632307852,27973091320.9612,64.6010144123475,9.46,38007166,9879750,"North America",489021133524.259,525931174435.498,164759840230.268,213193884000.234,-36910040911.239,43349.677855557,3.84697649232015
"Canada","CAN",2021,1.82373910790843,79.583546,12.0825117429097,30.9139877064956,2001486745423.92,11.67882252,30.9554282763353,26.8649274908821,3.39519318527532,36492145004.9516,64.6010144123475,7.46,38226498,9879750,"North America",618739366427.49,619568793940.059,241829871048.627,233750084759.384,-829427512.569702,52358.6216405154,3.86917664920671
"Canada","CAN",2022,1.82373910790843,79.583546,12.0825117429097,33.7184874326734,2139840023673.81,10.1503085654545,33.5439527000462,26.8649274908821,6.80280115341612,39014673771.8039,64.6010144123475,5.209,38929902,9879750,"North America",721521689461.769,717786925397.8,258546422139.871,217200365209.987,3734764063.96887,54966.4888361088,3.94037318758066
"China","CHN",2012,9.11371387030751,68.171342,14.4801797866821,25.4925222245396,8532185615746.62,4.56584787,22.7750001428637,45.4229807420935,2.61952432645544,163147335038.661,45.463305387599,4.58,1354190000,9600000.9,"Asia",2175069314333.18,1943205286175.69,1235475816893.54,389566615201.013,231864028157.489,6300.58235236313,141.061445108823
"China","CHN",2013,8.94289396230057,68.171342,13.4870796203613,24.599254436897,9570470577244.86,4.71490669,22.1451211404583,44.1767045363398,2.62105001748115,191204599151.943,46.8804015015283,4.6,1363240000,9600001.3,"Asia",2354264408104.83,2119392303042.79,1290776986796.27,451238757511,234872105062.035,7020.38568208449,142.004147436938
"China","CHN",2014,8.64349139629661,68.171342,12.8535099029541,23.5100609074235,10475624783235.6,4.77790594,21.3951550469261,43.0855681093574,1.92164162788521,211862172341.361,48.270940494346,4.63,1371860000,9600006.3,"Asia",2462825766971.84,2241276164507.47,1346485468909.5,500515498770.326,221549602464.368,7636.07422276005,142.901989553903
"China","CHN",2015,8.38701488219603,62.27669,12.1019296646118,21.3540798828848,11061573199439.7,4.93827963,18.110089452417,40.8413399694664,1.43702380935655,227537659721.699,50.7716451484828,4.65,1379860000,9600007.4,"Asia",2362097177312.13,2003260801263.11,1338663808395.74,546251416065.47,358836376049.015,8016.44601585646,143.735305870702
"China","CHN",2016,8.0572875346436,63.79116,11.885479927063,19.5843800536482,11233314018690.1,4.97955608,17.3100349634307,39.5806215022693,2.00000182191941,235936677175.691,52.3620909629531,4.56,1387790000,9600010.5,"Asia",2199974910040.01,1944490584187.22,1335133282835.37,559369171203.175,255484325852.792,8094.39037512167,144.561300219411
"China","CHN",2017,7.46356501656873,64.20096,11.5886898040771,19.6922769882201,12310491176727.3,5.06592178,17.9401362522062,39.8516984491913,1.59313600071434,260493683713.784,52.6847365342399,4.47,1396215000,9600010.8,"Asia",2424216021131.54,2208518890420.7,1426624635829.21,623639853746.807,215697130710.836,8817.04549566313,145.438898881239
"China","CHN",2018,7.04302025319625,73.30366,10.758620262146,19.1121035364139,13894907485398.9,5.16790485,18.4536805657234,39.6870118233885,2.07479039965578,297431602159.572,53.2699679234152,4.31,1402760000,9600012.9,"Asia",2655609104898.36,2564121842258.3,1494900332130.57,718075597840.943,91487262640.061,9905.40611751041,146.120636983727
"China","CHN",2019,7.1436902775818,77.28424,11.2299995422363,18.4099923154801,14279968485748,5.3502779,17.4801037187624,38.5874054560514,2.89923416358227,320532470664.98,54.2689042663668,4.56,1407745000,9600012.9,"Asia",2628941100879.19,2496153302315.33,1603640395580.99,764017998019.94,132787798563.852,10143.8602060373,146.639907119291
"China","CHN",2020,7.6986425511091,68.171342,10.5299997329712,18.5861392390439,14687743556969.6,5.59359694,16.1681565370617,37.842821803196,2.4194218945778,352642430781.608,54.4585358658086,5,1411100000,9600012.9,"Asia",2729884468572.07,2374737370053.04,1546619357328.39,821573174157.699,355147098519.03,10408.7191247747,146.989385816346
"China","CHN",2021,7.24102165175677,68.171342,11.9946635961532,19.9439734595214,17820459342451.2,4.55386355857143,17.3580167118706,39.2907729215123,0.981015135544851,295934778901.843,53.468205426731,4.55,1412360000,9600003.73333333,"Asia",3554107681623.27,3093278310794.79,2137504149416.28,811519403965.923,460829370828.484,12617.5049863004,147.120776119698
"China","CHN",2022,7.29999788465975,68.171342,11.9946635961532,20.6770025053561,17963170521079.8,4.55386355857143,17.4668169277955,39.9241138211705,1.9735755573906,298304706650.769,52.7758882941698,4.886,1412175000,9600003.73333333,"Asia",3714245218685.06,3137594109344.74,2154621875206.89,818018276323.498,576651109340.321,12720.2156397612,147.101505293859
"France","FRA",2012,1.63179503677703,76.398452,9.55476665496826,29.2030271868495,2683671716967.19,11.29740047,30.499031981938,17.8685506155676,1.95419531613507,59767250207.0332,70.2794996562626,9.4,65662240,549087,"Europe",783713381111.719,818493895248.048,256418570341.595,303185141165.908,-34780514136.3287,40870.8523645735,119.584401014775
"France","FRA",2013,1.45863217691004,76.398452,9.61137199401855,29.3647378670492,2811876903329.05,11.40466881,30.3993172078638,17.9718012893511,0.863715497861826,62902530714.334,70.3036904121455,9.92,66002289,549087,"Europe",825700281806.676,854791379337.656,270259949192.844,320685248169.562,-29091097530.9797,42602.7179652671,120.203699960116
"France","FRA",2014,1.55635615985933,76.398452,9.63418292999268,29.666684498073,2855964488590.14,11.53414917,30.8121120215465,17.7459396724758,0.507758822937957,64999464539.6058,70.3461075978072,10.29,66312067,549087,"Europe",847269974207.041,879982977519.982,275148843246.404,329411204356.214,-32713003312.9407,43068.5487241732,120.76786920834
"France","FRA",2015,1.60564438654459,76.14755,9.62054443359375,30.5926223781313,2439188643162.5,11.44077206,31.1590715564548,17.6796917075443,0.0375143805125363,54321219536.9331,70.2087214887702,10.35,66548272,549087,"Europe",746211770692.968,760028534719.922,234663227234.621,279062012777.628,-13816764026.9542,36652.9223052178,121.198046939738
"France","FRA",2016,1.43711486668854,76.25038,9.55982303619385,30.2475371833945,2472964344587.23,11.48530769,30.852605198715,17.4341320487761,0.183334861123848,54958663093.7616,70.505418442713,10.05,66724104,549087,"Europe",748010809661.11,762973925940.488,236411015090.71,284027564039.835,-14963116279.3777,37062.5335723838,121.518273060553
"France","FRA",2017,1.54241477388973,76.01011,9.64824962615967,30.9486331871,2595151045197.67,11.35755825,32.0132141063066,17.241152651745,1.03228275064674,57064256191.8945,70.2853682807471,9.41,66918020,549087,"Europe",803163777629.419,830791260481.184,250386651016.563,294745791633.809,-27627482851.765,38781.0494870839,121.871433852923
"France","FRA",2018,1.64887661606241,76.77957,9.71734046936035,31.7136672102555,2790956878746.61,11.21255589,32.7242853866575,17.188379329634,1.85081508315494,61307834539.5487,70.0962126783413,9.02,67158348,549087,"Europe",885114776507.434,913320694019.589,271206782260.841,312937599895.263,-28205917512.1552,41557.8548588868,122.309120412612
"France","FRA",2019,1.52245926892254,76.80465,9.6723804473877,31.5920554143668,2728870246705.83,11.09835148,32.549417775836,17.4246759666644,1.10825492288292,59811108015.9069,70.0435873295223,8.41,67388001,549087,"Europe",862106200525.474,888231377160.767,263946712176.955,302859611412.556,-26125176635.2933,40494.8982936269,122.727365608729
"France","FRA",2020,1.56968130712855,76.398452,9.67071332931519,27.4502276377653,2639008701648.21,12.20504951,29.4135952484106,16.4954388048487,0.476498852725083,62146805612.3739,71.1578904542757,8.01,67571107,549086.87,"Europe",724413895982.868,776227338073.14,255210966272.081,322092318609.372,-51813442090.272,39055.2829280747,123.060868310328
"France","FRA",2021,1.64018921415347,76.398452,9.67071332931519,29.4487518343616,2957879759263.52,10.8433511361905,31.3909159612455,16.6557238081148,1.64233141038392,64119227785.1366,70.3441202461543,7.86,67749632,549101.279523809,"Europe",871058669864.326,928505549465.102,286048072144.213,320733288483.249,-57446879600.776,43658.9789781223,123.382761116043
"France","FRA",2022,1.80484978883443,76.398452,9.67071332931519,34.0127739939978,2782905325624.52,10.8433511361905,38.1307391305829,17.3828183385786,5.22236748369725,60326231963.7419,70.3181919489555,7.445,67935660,549101.279523809,"Europe",946543298871.596,1061142369964.98,269126796267.393,301760196245.212,-114599071093.388,40963.837337041,123.721547432771
"Germany","DEU",2012,0.847918814268698,79.49248,11.034740447998,46.3071201430804,3527143188785.16,10.85349178,40.2069347359679,27.2839861436413,2.00848884782951,101640273870.365,61.6867311888275,5.38,80425823,357170,"Europe",1633318434049.22,1418156159958.99,389211096111.683,382818196063.627,215162274090.235,43855.8544658618,225.175191085478
"Germany","DEU",2013,0.942643214114216,79.49248,10.9811096191406,45.4186778593914,3733804649549.06,10.99848843,39.6601988368577,26.7826133352304,1.50472330251883,105890324691.784,62.1917939779821,5.23,80645605,357340,"Europe",1695844705677.67,1480834348191,410013181531.551,410662072379.455,215010357486.67,46298.9229177345,225.68311691946
"Germany","DEU",2014,0.904547674923055,79.49248,11.107629776001,45.6192633128717,3889093051023.45,11.02219391,39.0008300796262,27.0109959930724,0.90679400043421,111921877097.436,62.1085730487151,4.98,80982500,357380,"Europe",1774175599428.98,1516778572468.21,431986057751.866,428663377424.14,257397026960.777,48023.8699845454,226.60053724327
"Germany","DEU",2015,0.684691591379231,79.5005,10.9991598129272,46.920738356608,3357585719351.56,11.18386841,39.3254862566007,27.1097885783397,0.514426137125476,98504513017.809,62.1545645004593,4.62,81686611,357410,"Europe",1575404010475.78,1320386910617.19,369306219127.499,375507968605.23,255017099858.594,41103.2564363768,228.55155423743
"Germany","DEU",2016,0.69843112985447,79.5543,10.9105396270752,46.0732628543356,3469853463945.63,11.23263836,38.6963831131131,27.5685064790062,0.491747008445241,102027228085.9,61.770609364732,4.12,82348669,357580,"Europe",1598674707103.94,1342707789872.03,378579737185.229,389756091226.946,255966917231.912,42136.1207908003,230.294392863136
"Germany","DEU",2017,0.851748919550925,79.34962,11.028450012207,47.1630406836519,3690849152517.69,11.32420826,40.0741622693716,27.462322016675,1.50949485109622,112463867004.354,61.79703473353,3.75,82657002,357580,"Europe",1740716687374.14,1479076878497.67,407043453811.379,417959444593.548,261639808876.474,44652.5891722723,231.156669836121
"Germany","DEU",2018,0.689090611953825,79.34794,11.2255802154541,47.3088591421652,3974443355019.53,11.45727539,41.2110119003402,27.3062740495328,1.73216879766946,123520934732.822,62.1184685554681,3.38,82905782,357580,"Europe",1880263808511.33,1637908324009.38,446154326935.503,455362920404.143,242355484501.955,47939.2782884495,231.852402259634
"Germany","DEU",2019,0.775812925032966,79.71004,11.3725595474243,46.6696129860707,3888226035921.49,11.69622993,41.0167968997426,26.9542447153395,1.44565976888251,123167338171.924,62.3788602062616,3.14,83092962,357580,"Europe",1814620042988.2,1594825776156.83,442190821273.627,454775857359.502,219794266831.367,46793.6867615995,232.375865540578
"Germany","DEU",2020,0.752445359323199,79.49248,9.18000030517578,43.0131290321633,3889668895299.56,12.82248878,37.3851760276969,26.6211021809287,0.144877925813972,122301300471.235,63.3040761372279,3.86,83160871,357590,"Europe",1673068300859.12,1454159563402.31,357071616458.827,498752357678.936,218908737456.807,46772.8253507537,232.559274588216
"Germany","DEU",2021,0.850725341847713,79.49248,10.5700552622477,47.030554591518,4259934911821.64,12.80539513,41.7122232248213,26.7365030887763,3.06666666666666,116367487062.94,62.8845422364129,3.57,83196078,357247.142857143,"Europe",2003471014267.41,1776913559651.14,450277474315.33,545501497739.578,226557454616.273,51203.5544731044,232.881017142994
"Germany","DEU",2022,1.10932105868815,79.49248,10.5700552622477,50.3378544368446,4072191736089.51,10.9019688690909,48.2812996987368,26.6773121630183,6.87257438551099,111238957631.062,62.6827167996276,2.989,84079811,357247.142857143,"Europe",2049853948501.95,1966107096408.57,430432916889.345,443949075358.171,83746852093.3833,48432.4558732596,235.354747213814
"India","IND",2012,16.8453770626131,61.98211,13.9921197891235,24.5344306564341,1827637579584.79,3.32935286,31.2592910609832,29.3985276906575,9.47899691419793,13597440902.6035,46.3011472886457,8.095,1274487215,3287260,"Asia",448400474614.161,571306550542.318,255725239446.541,60848504026.341,-122906075928.157,1434.01797842655,387.705023332502
"India","IND",2013,17.1484235435478,61.98211,14.0501804351807,25.430861300519,1856721494834.64,3.74944186,28.4132706461587,28.4048995601136,10.0178784746103,13116252064.9093,46.6987147694118,8.037,1291132063,3287260,"Asia",472180268088.32,527555303472.77,260872720203.051,69616692950.9477,-55375035384.4495,1438.05699513067,392.768464617949
"India","IND",2014,16.7919345145841,61.98211,14.0625068545342,22.9679630081172,2039126469963.35,3.61956549,25.9542227389497,27.6564012029651,6.665656718679,14306307432.8973,47.8224137558964,7.981,1307246509,3287260,"Asia",468345813309.908,529239425943.17,286752299611.216,73807518004.2486,-60893612633.2619,1559.86377161811,397.670555112769
"India","IND",2015,16.1745081066222,54.52099,15.6922197341919,19.8131891564045,2103588347241.77,3.59565997,22.1097247094602,27.34739147794,4.90697344127254,14579970321.1613,47.7837481204463,7.915,1322866505,3287260,"Asia",416787938311.095,465097592595.439,330099705752.034,75637884135.3569,-48309654284.344,1590.17432166503,402.422231584967
"India","IND",2016,16.3638005613732,55.94046,15.7215003967285,19.1582349105946,2294796889945.04,3.50430417,20.9242508026814,26.6189999400439,4.94821634062142,15371466987.757,47.7494012899424,7.842,1338636340,3287260,"Asia",439642578896.69,480169056664.233,360776502156.823,80416663107.3744,-40526477767.543,1714.27954058459,407.219489787848
"India","IND",2017,16.5583314047028,60.9076,15.8097696304321,18.7917648392982,2651474263257.15,2.93597651,21.9507321152243,26.5000166467144,3.32817337461301,17659613762.9839,47.6708899684162,7.733,1354195680,3287260,"Asia",498258808325.798,582018012631.694,419191972831.152,77846661537.9255,-83759204305.8961,1957.96981368095,411.952714418695
"India","IND",2018,16.0316306863431,67.49639,16.6353797912598,19.9278285988562,2702929639861.5,2.8584938,23.6891407335327,26.412091901691,3.93882646691634,17723920772.8622,48.4315663154935,7.65,1369003306,3287260,"Asia",538635185779.281,640300806315.159,449642611081.491,77263076173.8033,-101665620535.878,1974.37773014516,416.457264104452
"India","IND",2019,16.7555683032837,71.04511,16.7286491394043,18.664264897257,2835606242052.48,2.94352531,21.2411386333872,24.5914753077056,3.72950573539126,21193589651.3654,50.0849578541848,6.51,1383112050,3287260,"Asia",529245060459.829,602315052971.348,474358619208.007,83466787426.7546,-73069992511.519,2050.16378973235,420.749210588758
"India","IND",2020,18.635531272019,61.98211,16.5401592254639,18.705247356868,2671595389575.7,2.95919013,19.0988780045256,25.0202542440988,6.62343677628532,19967757004.2884,48.0681034892367,10.195,1396387127,3287260,"Asia",499728525994.816,510244744229.593,441886131295.973,79057587081.8592,-10516218234.7774,1913.21972103492,424.787551638751
"India","IND",2021,17.3262632465423,61.98211,14.0625068545342,21.5143885990188,3150306834279.65,3.54577462952381,24.1532946047971,26.0713492932602,5.13140747176369,23545691687.1815,47.9443521945913,7.713,1407563842,3287260,"Asia",677769254388.371,760902890638.621,443012114509.434,111702780482.042,-83133636250.2499,2238.12713873311,428.187561069097
"India","IND",2022,16.6183527742932,61.98211,14.0625068545342,22.4494377646999,3385089881935.39,3.54577462952381,26.9236562932426,25.6208066930625,6.6990341407985,25300482424.8091,48.5828246313961,7.33,1417173173,3287260,"Asia",759933646324.239,911389965029.616,476028496679.306,120027658220.243,-151456318705.377,2388.62119776761,431.110764892342
"Indonesia","IDN",2012,13.3739742350727,66.280608,18.0904197692871,24.5943787881769,917869913365.243,2.91427088,24.9885195110858,43.5937444233376,4.27949999641976,1575809265.32887,40.8733748934867,4.47,250222695,1910930,"Asia",225744403275.759,229362102387.66,166046520263.764,26749215601.4845,-3617699111.90109,3668.21208350123,130.942889064487
"Indonesia","IDN",2013,13.3566991621949,66.280608,17.6039295196533,23.9235763793605,912524136718.018,2.86934805,24.7137962959288,42.6356774375889,6.41251330156414,772907973.606252,41.5165374799893,4.34,253275918,1910930,"Asia",218308408827.835,225519356299.674,160640105877.665,26183493522.6978,-7210947471.83862,3602.88551680629,132.540657166929
"Indonesia","IDN",2014,13.3367549992146,66.280608,17.6715202331543,23.6659845969367,890814755511.291,2.96433568,24.414190988586,41.9283421270033,6.39492540819922,1529360669.72682,42.2421853142869,4.05,256229761,1910931,"Asia",210820082826.541,217485215765.032,157420509760.102,26406739640.326,-6665132938.4906,3476.62485432865,134.086349009985
"Indonesia","IDN",2015,13.4926435578886,62.11215,20.5032997131348,21.1601792598059,860854232717.853,2.92428517,20.7774609817235,40.0478624042506,6.36312113115614,1477924111.31638,43.3090809246806,4.51,259091970,1913580,"Asia",182158298808.724,178863652312.467,176503523427.348,25173832662.6855,3294646496.25723,3322.58167907656,135.396466309221
"Indonesia","IDN",2016,13.4787485470271,64.66011,21.2198009490967,19.0889938536664,931877364033.902,3.02147198,18.3323479486654,39.3084439802081,3.5258051568793,2286361142.87324,43.6417488094502,4.3,261850182,1913580,"Asia",177886012744.14,170835000829.546,197742521737.683,28156413442.2469,7051011914.59378,3558.81885174287,136.837854701659
"Indonesia","IDN",2017,13.1566308462661,66.86799,16.1207408905029,20.1773044351106,1015618744168.15,2.90417194,19.17819263535,39.3791548040237,3.80879806953163,2417680409.11159,43.6140553296427,3.78,264498852,1916820,"Asia",204924485910.855,194777319197.29,163725266182.727,29495314585.5118,10147166713.5645,3839.78507463673,137.98836197452
"Indonesia","IDN",2018,12.8084975586902,68.184,16.5608901977539,21.0027464972455,1042271532953.36,2.86757827,22.071562457954,39.7297374523848,3.19834641562404,2358868917.77444,43.4048373057688,4.39,267066843,1916862.2,"Asia",218905647879.149,230045612377.275,172609444134.852,29887951993.3664,-11139964498.1266,3902.66167542693,139.325008860835
"Indonesia","IDN",2019,12.7126026577522,69.57879,17.3479995727539,18.5915277970883,1119099871386.16,2.90491366,19.0362497386225,38.9517679950779,3.03058664969491,3036117817.12992,44.220745839176,3.59,269582878,1916906.77,"Asia",208057763665.937,213034646341.673,194141440906.76,32508885032.939,-4976882675.73529,4151.22755454135,140.634318903261
"Indonesia","IDN",2020,13.6984142796138,66.280608,19.1527996063232,17.3311682848923,1059054842711.72,3.41433048,15.6410071153504,38.2383937187942,1.92096800566845,2974249720.36194,44.4134399516292,4.25,271857970,1916906.77,"Asia",183546577019.67,165646843304.003,202838651745.637,36159632294.6223,17899733715.6665,3895.61815205094,141.821174746021
"Indonesia","IDN",2021,13.2802165425549,66.280608,16.7589173567922,21.4081231102766,1186505455720.81,2.66820891714286,18.7896281436238,39.844959654917,1.56012990525685,2037005749.14052,42.8226188816492,3.83,273753191,1912314.60666667,"Asia",254008548670.859,222939963033.749,198845468758.082,31658444371.9291,31068585637.1102,4334.21598260314,143.152800300561
"Indonesia","IDN",2022,12.3996592154305,66.280608,16.7589173567922,24.4924493725873,1319100220389.02,2.66820891714286,20.9008560313116,41.4292959518952,4.2094638340216,2264645914.32711,41.7908539920084,3.554,275501339,1912314.60666667,"Asia",323079953652.468,275703237972.223,221066915788.26,35196349706.4709,47376715680.2451,4787.99930765135,144.066953230161
"Italy","ITA",2012,1.9707531347602,72.51951,8.01743030548096,28.3792428359574,2086957656821.6,8.78352833,27.2754780086443,21.3450699035872,3.04136333226773,26341370521.4348,66.4430892019109,10.65,59539717,302069,"Europe",592262781313.008,569227676736.094,167320375640.57,183308517022.029,23035104576.9144,35051.5212697702,197.106346563202
"Italy","ITA",2013,2.14458980749233,72.51951,8.1325798034668,28.6332430796987,2141924094298.57,8.77543831,26.2343363170751,21.1724585185577,1.21999342274305,27867931276.0522,66.6853159566512,12.15,60233948,302069,"Europe",613302332503.144,561919570554.752,174193686298.515,187963227542.197,51382761948.3927,35560.0814062291,199.404599611347
"Italy","ITA",2014,1.99786088974992,72.51951,7.9859299659729,29.1088281864091,2162009615996.51,8.86791801,26.2132869642331,20.7984291070401,0.241047429826773,28936336836.5796,67.0857037729254,12.68,60789140,302069,"Europe",629335664494.067,566733784835.479,172656573791.081,191725240114.886,62601879658.5879,35565.7213771491,201.242563785095
"Italy","ITA",2015,2.06523676190304,71.68638,8.09591007232666,29.7159823723612,1836637711060.55,8.85689163,26.7021937892476,20.8563842801091,0.0387903996579552,24583396182.9184,66.9714230482283,11.9,60730582,302069,"Europe",545774938462.891,490422560813.789,148692537441.901,162669011704.345,55352377649.1017,30242.3861352185,201.048707414531
"Italy","ITA",2016,1.9283733073049,71.82565,7.77489995956421,29.3278907466434,1877071687633.83,8.72533035,26.0397120675783,21.2179443783853,-0.0940166569157271,25648683528.4351,66.6499821793636,11.69,60627498,302069,"Europe",550505533785.425,488784062761.882,145940445882.834,163780705652.372,61721471023.5431,30960.7315088911,200.707447636136
"Italy","ITA",2017,1.97268467311393,73.19206,8.29518032073975,30.733733319636,1961796197354.37,8.67773914,27.8704426276557,21.3004050229852,1.22653316645808,26879157118.5077,66.4310597164747,11.21,60536709,302069,"Europe",602933211569.652,546761283655.181,162734532095.96,170239556464.852,56171927914.4711,32406.7203150137,200.406890478665
"Italy","ITA",2018,1.94542007434608,73.04291,8.79574012756348,31.3535542007886,2091932426266.94,8.68187714,28.9499970418731,21.4501517225557,1.13748763600395,29798113325.2111,66.3404616665139,10.61,60421760,302069,"Europe",655895167113.477,605614375522.263,184000939858.674,181619003100.317,50280791591.2137,34622.1696664735,200.026351595165
"Italy","ITA",2019,1.90729572312002,72.85055,8.44857978820801,31.6024197276206,2011302198827.41,8.6563549,28.2765604958343,21.5270098742186,0.611246943765291,29425150954.7228,66.2531597026352,9.95,59729081,302068,"Europe",635620162864.3,568727083005.478,169926471049.916,174105456442.004,66893079858.8223,33673.7509627414,197.733891044401
"Italy","ITA",2020,2.0084527584528,72.51951,7.46999979019165,29.4361735220632,1897210466667.52,9.63378334,25.8368487939247,21.5609879207347,-0.13770757391657,29101501753.9069,66.8963568708599,9.16,59438851,302068,"Europe",558466165046.996,490179399575.4,141721617879.558,182773145862.552,68286765471.5959,31918.6934933773,196.773080895692
"Italy","ITA",2021,1.93560866810608,72.51951,8.705833366939,32.6934017215877,2114355756913.92,9.45429516,30.4152923959238,22.7010675427989,1.87378325762491,25862870382.7347,64.9910828330468,9.5,59109668,302068.904761905,"Europe",691254821431.384,643087485755.417,184072288981.208,199897433991.094,48167335675.9675,35770.0496120858,195.682730225381
"Italy","ITA",2022,1.96011468118647,72.51951,8.705833366939,37.1496143631398,2010431598465.38,8.56225336545454,38.6903651963886,23.0319812926524,8.20128991161718,24591666598.4139,64.793319929837,8.094,58856847,302068.904761905,"Europe",746867585864.596,777843327469.848,175024824918.684,172138247199.764,-30975741605.2524,34157.9901224641,194.845765559324
"Japan","JPN",2012,1.12285396244805,77.904454,8.50433921813965,14.4147746129824,6272362996105.03,10.67169094,16.0561363041928,26.562641428228,-0.0440645104433029,199066618405.502,71.7471232811569,4.36,127629000,377960,"Asia",904146988796.65,1007099152148.38,533423026181.839,669367193579.253,-102952163351.725,49145.2804308192,337.678590327019
"Japan","JPN",2013,1.06671782970179,77.904454,8.46380710601807,15.7841567318773,5212328181166.18,10.67438698,18.1946119190738,26.6507450551464,0.335037912184809,170910155584.36,71.6207726116305,4.04,127445000,377962,"Asia",822722049495.079,948362884511.704,441161402986.526,556384080725.273,-125640835016.625,40898.6478964744,337.189982061689
"Japan","JPN",2014,0.996605700341743,77.904454,8.53448104858398,17.4186553484795,4896994405353.29,10.7290144,20.0127792201784,27.3136267349767,2.75922671353253,164924900368.469,70.8840213488149,3.59,127276000,377962,"Asia",852990577902.813,980024678767.842,417933059475.094,525399234917.549,-127034100865.029,38475.3952461838,336.74284716453
"Japan","JPN",2015,1.03412007048647,77.52941,8.37435340881348,17.4367598376529,4444930651964.18,10.74969959,17.990648516827,28.5837114240167,0.795279630579775,144047313023.157,69.7955308631099,3.39,127141000,377971,"Asia",775051882733.213,799671850411.583,372234201572.157,477816692069.978,-24619967678.3693,34960.6393843385,336.377658603438
"Japan","JPN",2016,1.12498130848332,77.9374,8.19608783721924,16.0579692360598,5003677627544.24,10.65891552,15.2522776095286,28.6299476490573,-0.127258844489691,155447245840.851,69.8870573141604,3.13,127076000,377970,"Asia",803489014102.661,763174802438.922,410105813444.814,533337771213.081,40314211663.7389,39375.4731620781,336.20657724158
"Japan","JPN",2017,1.12844054943922,78.01404,8.15319347381592,17.5914391047836,4930837369151.42,10.65627098,16.831774467385,28.8824260088632,0.484199796126387,156128057261.449,69.5357755666973,2.82,126972000,377970,"Asia",867405253150.186,829947425329.107,402020710586.13,525443391639.878,37457827821.0789,38834.0529341226,335.93142312882
"Japan","JPN",2018,1.044248235947,78.04159,8.12965774536133,18.3149455985223,5040880939324.86,10.74637508,18.2949862035848,29.0140076866127,0.989094598021806,162404582720.318,69.4031278581593,2.47,126811000,377974,"Asia",923234601723.628,922228472388.619,409806367718.266,541711973076.077,1006129335.00916,39751.1330982711,335.501912829983
"Japan","JPN",2019,1.03894744464527,77.99983,8.18295574188232,17.4635264275221,5117993853016.51,10.75110722,17.7528916808924,28.8040848106902,0.468776159383912,163724117013.506,69.6276716636423,2.35,126633000,377974,"Asia",893782209080.495,908591904960.752,418803171864.599,550241006650.814,-14809695880.2576,40415.9567649547,335.030980966945
"Japan","JPN",2020,1.0280803083165,77.904454,7.30999994277954,15.5494225001595,5048789595589.43,10.9042511,15.8185464782378,28.9935453281354,-0.0249958340276592,164750587642.843,69.4774676376005,2.8,126261000,377974,"Asia",785057625362.295,798645128766.748,369066516548.647,550532695013.746,-13587503404.4536,39986.928628709,334.046786286887
"Japan","JPN",2021,0.950909508239571,77.904454,8.25485771352595,18.201577671383,5005536736792.29,9.18633115809524,18.7389477543111,28.7958064674079,-0.233352779398279,157768034660.749,69.8942424659975,2.8,125681593,377935.666666667,"Asia",911086657016.859,937984913930.356,413199935420.473,459825180881.854,-26898256913.4972,39827.1267678179,332.547584377235
"Japan","JPN",2022,1.13182859804817,77.904454,8.25485771352595,14.9996138644983,4231141201863.17,9.18633115809524,14.7282220110639,28.9118171496701,2.49770278172251,133360090414.17,69.7222397378652,2.641,125124989,377935.666666667,"Asia",634654842341.167,623171869812.005,349274685872.176,388686642569.762,11482972529.1615,33815.3172733799,331.074836369858
"Korea, Rep.","KOR",2012,2.1861850409628,83.796322,14.3753856931414,54.0940513351953,1278427634342.59,6.13262033,51.3642764025061,34.1346926355836,2.18707104433313,49224577262.0892,55.0732047534656,2.81,50199853,100150,"Asia",691553300804.604,656655103709.748,183778903244.451,78401113008.0317,34898197094.8557,25466.7605170595,501.246660009985
"Korea, Rep.","KOR",2013,2.09904711367279,83.796322,14.3753856931414,51.2920711097027,1370795199976.18,6.24789429,46.6600338441855,34.447829188741,1.30134754547411,54163409119.2141,55.2136030251747,2.75,50428893,100266,"Asia",703109248740.173,639613504243.356,197057097059.645,85645835026.9058,63495744496.8176,27182.7343101936,502.951080126863
"Korea, Rep.","KOR",2014,2.05667705037638,83.796322,14.3753856931414,47.8314208662979,1484318219633.63,6.47438097,42.7830210318588,34.0916723723005,1.27477446401322,60528417148.2996,55.6449944715975,3.08,50746659,100280,"Asia",709970494628.102,635036176085.568,213376468985.904,96100416346.2026,74934318542.5336,29249.5752209742,506.049650977264
"Korea, Rep.","KOR",2015,2.00390779269061,83.08952,14.6529598236084,42.989561527711,1465773245547.15,6.65271664,36.142932861381,34.1499356702728,0.706331772455739,58311390650.4768,55.5765055725491,3.55,51014947,100295,"Asia",630129491251.218,529773440038.192,214779164775.225,97513740611.1833,100356051213.027,28732.2310762599,508.648955581036
"Korea, Rep.","KOR",2016,1.85903488299151,83.96555,14.3025398254395,40.1326509111205,1500111596236.37,6.91432714,33.4711585544775,34.2977996755017,0.97168573991219,59810050029.7884,55.3586393130986,3.65,51217803,100339,"Asia",602034550194.78,502104730870.379,214554058477.743,103722623228.859,99929819324.4011,29288.8704389833,510.447612593309
"Korea, Rep.","KOR",2017,1.8507562953431,83.96525,14.2984504699707,40.9342069409884,1623901496835.79,7.10694885,36.1867108656532,34.766308535902,1.94433230786365,69698824934.824,54.8477903393924,3.65,51361911,100360,"Asia",664731199232.571,587636539402.982,232192751206.178,115409848754.504,77094659829.5889,31616.8434004683,511.776713830211
"Korea, Rep.","KOR",2018,1.74640339447114,83.96046,14.3129301071167,41.7132908430894,1724845615629.26,7.5438838,37.2755746703469,34.0458023068892,1.47583935002643,77899715944.4782,55.6916932454589,3.82,51585058,100370,"Asia",719489868241.709,642946115402.089,246875947420.683,130120348972.466,76543752839.6198,33436.9230646064,513.948968815383
"Korea, Rep.","KOR",2019,1.66793097899135,84.00083,13.8308200836182,39.2758610673609,1651422932447.77,8.14101028,36.4812778978581,32.6791489168007,0.383000303608079,76411832790.1659,57.2421505638275,3.75,51764822,100400,"Asia",648610576582.723,602460189255.228,228405334606.463,134442510696.85,46150387327.495,31902.4169048195,515.585876494024
"Korea, Rep.","KOR",2020,1.76572048133322,83.796322,14.3753856931414,36.359590549146,1644312785467.12,8.36409569,32.6744545418102,32.5381602000323,0.537288023411772,79165436672.7434,57.0075212052066,3.93,51836239,100410,"Asia",597865396143.102,537270233612.627,236376304912.535,137531894819.374,60595162530.475,31721.2980183057,516.2457822926
"Korea, Rep.","KOR",2021,1.78964867753268,83.796322,14.3753856931414,42.0354952410099,1810955871380.98,5.84117080952381,38.4568447108548,32.4459249547947,2.49833333333334,60868597923.9652,56.9754901629516,3.64,51744876,99967.619047619,"Asia",761244269131.141,696436487239.091,260331891243.606,105781025732.463,64807781892.0502,34997.7816427849,517.616369109998
"Korea, Rep.","KOR",2022,1.58638909635271,83.796322,14.3753856931414,48.2565227414909,1665245538594.96,5.84117080952381,48.5265387995159,31.7575181493254,5.08788760792858,55971082860.301,58.2429412625214,2.788,51628117,99967.619047619,"Asia",803589592033.739,808086022393.491,239385468910.855,97269836307.3064,-4496430359.75134,32254.6247153457,516.448400910771
"Mexico","MEX",2012,3.17392496725059,72.243328,18.0871906280518,32.2655677637235,1201093787127.42,5.66522121,33.5016780596676,33.7764665245485,4.11150981070293,5056124515.56774,59.9972480582014,4.89,115755909,1964380,"North America",387539729791.471,402386573758.097,217244122899.423,68044619980.3348,-14846843966.6269,10376.0904951074,58.927452427738
"Mexico","MEX",2013,3.13878369494526,72.243328,16.9059906005859,31.3056529459396,1274443916251.64,5.80923605,32.4592236648864,31.8563175636679,3.80639069747207,5416768888.7629,61.1063920156291,4.91,117290686,1964380,"North America",398972989412.38,413674601259.657,215457368691.241,74035455419.9221,-14701611847.2778,10865.6872912453,59.7087559433511
"Mexico","MEX",2014,3.13208940239957,72.243328,18.8059406280518,31.8734413093812,1315356131262.48,5.55340958,33.0519165924803,31.4901871470131,4.01861608078673,5725745141.5407,60.2053984962698,4.81,118755887,1964375,"North America",419249264507.294,434750411398.951,247365093092.661,73047113404.6479,-15501146891.6569,11076.1341141975,60.4547945275215
"Mexico","MEX",2015,3.19192365688526,71.64492,19.0187492370605,34.5248858421072,1171870072962.76,5.72277403,36.5642042713542,29.9853032661018,2.7206406496403,5032361747.30683,61.0447802221286,4.31,120149897,1964375,"North America",404586804908.211,428484967272.971,222875030560.945,67063476200.8549,-23898162364.7599,9753.40056232225,61.1644400890869
"Mexico","MEX",2016,3.34646441999055,72.37307,17.9393291473389,37.0421710841871,1078493059306.95,5.55345869,39.020038053624,29.6399553095595,2.82170784747653,4182180500.78169,60.7620854448008,3.86,121519221,1964375,"North America",399497244159.564,420828402147.266,193474419740.279,59893666523.1287,-21331157987.7017,8875.08206876137,61.8615188036907
"Mexico","MEX",2017,3.38107388194982,72.53669,17.577299118042,37.6515684577081,1158912015259.01,5.45759058,39.4641760467353,30.946234976635,6.04145724018992,3804939889.04187,60.1465918626474,3.42,122839258,1964375,"North America",436348550789.851,457355077928.583,203705431437.005,63248672975.2639,-21006527138.7328,9434.37817948241,62.533507095132
"Mexico","MEX",2018,3.38380038252913,72.3064,16.5778503417969,39.2575517289021,1222405556421.13,5.38345814,41.3018324998763,31.1488466948457,4.89935015356549,3754129845.85023,59.9275696897244,3.27,124013861,1964375,"North America",479886493648.999,504875895382.236,202648563713.305,65807691430.9656,-24989401733.2374,9857.00748742215,63.1314596245625
"Mexico","MEX",2019,3.39122455983169,72.35556,19.3104967820017,38.8212851623816,1269009571610.76,5.44627905,39.0760617881856,30.7788972029097,3.6359614212705,3601956776.04744,59.9814054174097,3.48,125085311,1964375,"North America",492645824532.93,495878964300.61,245052052489.189,69113802441.1316,-3233139767.67969,10145.1526279593,63.6769002863506
"Mexico","MEX",2020,3.79555461107758,72.243328,19.3104967820017,39.4927686700181,1090514966785.91,6.2421484,37.445845004961,29.7967416253308,3.39683415569999,3282013891.25469,60.1260596729735,4.45,125998302,1964375,"North America",430674553144.684,408352544218.554,210583857568.44,68071562550.9872,22322008926.1304,8654.99732516959,64.1416745784283
"Mexico","MEX",2021,3.88920120260251,72.243328,19.3104967820017,41.1018689587122,1272838810896.09,5.58503185047619,42.8400346490762,30.8344029886314,5.68920847683764,4933874771.97319,59.1606826823004,4.09,126705138,1964378.33333333,"North America",523160540110.142,545284587614.775,245791497618.158,71088452993.769,-22124047504.6329,10045.676371041,64.5013925525209
"Mexico","MEX",2022,4.14990925789374,72.243328,19.3104967820017,43.354093459063,1414187193992.25,5.58503185047619,46.1269635139675,32.1300397174628,7.89627619168544,5481780143.37397,58.7684189526905,3.308,127504125,1964378.33333333,"North America",613108037769.501,652321610992.006,273086572587.354,78982805209.8227,-39213573222.5054,11091.3054302537,64.9081303923973
"Saudi Arabia","SAU",2012,2.07092728503799,63.082024,20.3793134689331,53.8410381397911,741849984943.256,4.01962805,29.0093716116735,62.2083128831794,2.86626887489922,6504837373.73425,34.9481328250204,5.52,30821543,2149690,"Asia",399419733333.333,215206018933.333,151183933900.819,29819610083.6999,184213714400,24069.2033148131,14.337668687113
"Saudi Arabia","SAU",2013,2.16999758163359,63.082024,20.3793134689331,51.4209008030544,753864543430.248,4.46568966,30.4963009606343,59.3470537744408,3.53252470694923,6145202034.93509,37.733954670246,5.6,31482498,2149690,"Asia",387643939066.667,229900800000,153632418436.792,33665250966.3708,157743139066.667,23945.5123106892,14.6451339495462
"Saudi Arabia","SAU",2014,2.28862160288813,63.082024,20.3793134689331,46.2481972226727,766605946720.427,5.22794724,33.3134713389527,56.5751156755331,2.23629031536967,2787890273.90583,40.3181109674954,5.72,32125564,2149690,"Asia",354541430160,255383052343.416,156229028953.638,40077754433.2464,99158377816.5838,23862.8011860096,14.9442775469951
"Saudi Arabia","SAU",2015,2.77292505769267,59.16318,20.3793134689331,32.5639254331113,669484381328.891,5.99833775,36.9399584262805,44.6395037504061,1.20607322150117,2434691516.83916,51.5521474847431,5.6,32749848,2149690,"Asia",218010394722.267,247307252133.334,136436320696.562,40157934375.6048,-29296857411.067,20442.3660631613,15.2346840707265
"Saudi Arabia","SAU",2016,2.94703118090105,59.44422,24.9486198425293,30.1591759400189,665999879694.192,6.42797995,29.746284682379,42.4239138035764,2.06884036053476,2422019545.98067,53.593539312952,5.6,33416270,2149690,"Asia",200860075477.286,198110220198.136,166157778136.606,42810338733.7668,2749855279.14963,19930.407543816,15.5446924905451
"Saudi Arabia","SAU",2017,2.86746458942992,62.08336,22.2580604553223,33.5657513454235,714994694991.651,6.26256561,28.2485592533291,44.9459785264789,-0.838194579675057,2600197356.39807,51.3146436549441,5.89,34193122,2149690,"Asia",239993341453.867,201975700072.876,159143951463.589,44777011881.8715,38017641380.9905,20910.4829617971,15.9060711079272
"Saudi Arabia","SAU",2018,2.48162163298441,63.84761,19.3607597351074,37.1985133299637,846583785179.856,5.53687382,24.7570762994889,49.1339919370773,2.45814158007533,3078743011.12099,45.7152357983919,6.03,35018133,2149690,"Asia",314916582179.44,209589393636.078,163905052605.05,46874275965.9885,105327188543.362,24175.5831237449,16.2898524903591
"Saudi Arabia","SAU",2019,2.55953514147497,70.87175,19.071310043335,34.0891908114192,838564705624.643,4.40242699684211,26.1089985898811,46.0478165122577,-2.09333333333333,3049580292.00396,48.4687817128674,5.64,35827362,2149690,"Asia",285859922577.6,218940847166.779,159925274923.655,36917198986.4088,66919075410.8216,23405.7061087736,16.6662923491294
"Saudi Arabia","SAU",2020,2.96026201274573,63.082024,19.0594501495361,24.9019693396647,734271183954.88,4.40242699684211,24.8115017846861,39.4705323113837,3.44545825956691,3835245046.21947,53.310287617542,7.45,35997107,2149690,"Asia",182847985098.437,182183707911.401,139948050268.289,32325752832.4618,664277187.036407,20398.0609873699,16.7452548972177
"Saudi Arabia","SAU",2021,2.69679637353154,63.082024,18.7878799438477,32.9848341398527,868585871464.541,4.40242699684211,24.5244423010287,44.7127718645816,3.06328988941548,3158757264.36429,46.5160509535966,6.692,35950396,2149690,"Asia",286501609064.773,213015840882.209,163188870739.981,38238858896.1112,73485768182.5643,24160.6760455307,16.7235257176616
"Saudi Arabia","SAU",2022,2.40583960614005,63.082024,20.3793134689331,39.917844434711,1108148978218.49,4.40242699684211,23.2160667000708,53.3282752750557,2.47407371925372,4029968423.32177,39.1989424681961,5.635,36408820,2149690,"Asia",442349185230.096,257268605919.358,225833153973.925,48785449782.3207,185080579310.739,30436.2783034026,16.9367769306272
"South Africa","ZAF",2012,1.97670959546361,66.137888,19.682710647583,27.1391491937679,434400545085.811,8.00428867,28.4434679995666,24.4686002355753,5.72465791678303,2907616671.28171,64.3045111542673,21.79,53145033,1219090,"Africa",117892612029.379,123558580031.426,85501802340.7635,34770673612.7218,-5665968002.04628,8173.8691381716,43.5940193094849
"South Africa","ZAF",2013,1.92684924597199,66.137888,18.6965999603271,28.379280320361,400886013595.573,8.10322285,30.4957473096901,24.5517417673484,5.78446909667191,2659076839.10011,64.0537426456394,22.04,53873616,1219090,"Africa",113768565563.408,122253185705.996,74952054258.8668,32484687056.1306,-8484620142.58763,7441.23085399675,44.1916642741717
"South Africa","ZAF",2014,2.12574854869936,66.137888,18.9891605377197,29.0006193033471,381198869776.106,7.87136555,30.4989547517121,24.3052820058227,6.12983770287145,2706016343.73548,64.0117818477066,22.61,54729551,1219090,"Africa",110550033012.43,116261670807.053,72386465349.7578,30005556512.5458,-5711637794.62215,6965.1378973693,44.8937740445742
"South Africa","ZAF",2015,2.23397839045912,66.24035,18.6993503570557,27.7136384124829,346709790458.563,8.05304241,29.0130377322327,23.7323079746326,4.54064227737914,2536078065.51528,64.1025757790295,22.87,55876504,1219090,"Africa",96085897668.3633,100591042327.088,64832478440.0604,27920686465.2502,-4505144658.72452,6204.92990145846,45.834601218942
"South Africa","ZAF",2016,2.41418607394576,65.40686,18.0487403869629,28.1560881698955,323585509674.481,8.07959366,27.7051693349827,23.7825372977493,6.57139642173959,2426632488.34321,63.913401523834,24.02,56422274,1219090,"Africa",91109021408.9526,89649913398.7818,58403108570.9778,26144394324.3381,1459108010.17082,5735.06678717843,46.2822876079699
"South Africa","ZAF",2017,2.49379863849766,65.32778,18.7192897796631,27.3400757812216,381448814653.456,7.97711229,26.1958560481525,23.6105564955695,5.18424664766131,2908814315.68325,64.3304256202533,23.99,56641209,1219090,"Africa",104288394992.826,99923782384.0034,71404508976.0704,30428600273.7802,4364612608.82304,6734.47515312493,46.4618764816379
"South Africa","ZAF",2018,2.26608871786068,66.69548,18.90159034729,27.5626402113948,404158882459.024,8.06289959,27.0650713718726,23.6016261862156,4.51716522786587,2774833593.74039,64.1909899530026,24.22,57339635,1219090,"Africa",111396858654.575,109385889993.298,76392456314.59,32586924876.7372,2010968661.27722,7048.50811239074,47.0347841422701
"South Africa","ZAF",2019,1.96213798857762,67.01897,19.5962295532227,27.2974712844242,388531226582.351,8.24258327,26.7572951083159,23.6378082218793,4.12024587014984,2390438338.20001,64.2687226305352,25.54,58087055,1219090,"Africa",106059200007.338,103960446884.599,76137471047.0293,32025009881.0027,2098753122.73921,6688.77474649646,47.6478807963317
"South Africa","ZAF",2020,2.5206394472946,66.137888,19.5272808074951,27.6003027891256,337619569570.511,8.58329773,23.2006787405582,23.2727872976101,3.21003597454107,2417093528.41765,64.7167592529602,24.34,58801927,1219090,"Africa",93184023476.8036,78330031701.3096,65927921411.09,28978892850.9814,14853991775.494,5741.64124877253,48.234278847337
"South Africa","ZAF",2021,2.46760956334131,66.137888,18.4172401428223,31.1938142964234,419015636064.711,7.58447090714286,25.0241653849667,24.5038885565904,4.61167217803201,2999826057.2579,63.0181785036665,28.77,59392255,1219090,"Africa",130706959387.003,104855165757.703,77171115930.0122,31780119013.7076,25851793629.2998,7055.05517621298,48.7185154500488
"South Africa","ZAF",2022,2.57058644132083,66.137888,19.7500400543213,33.4438714086283,405869718462.343,7.58447090714286,31.4649784429281,24.4430925232425,7.03972661255875,2905711511.69937,62.6121248664358,29.806,59893885,1219090,"Africa",135738546729.108,127706819420.549,80159431964.6738,30783070717.679,8031727308.5585,6776.48007742932,49.1299945040973
"Turkiye","TUR",2012,7.69487759202317,72.296304,12.8465404510498,24.3608755208614,880555912745.582,4.44444656,28.4699271358616,26.6493473537611,8.89156996512164,7272951794.7764,54.0046992278879,8.15,75277439,785350,"Europe",214511129795.536,250693626749.188,113120971524.972,39135836972.8976,-36182496953.6521,11697.4743620805,95.8520901508882
"Turkiye","TUR",2012,7.69487759202317,72.296304,12.8465404510498,24.3608755208614,880555912745.582,4.44444656,28.4699271358616,26.6493473537611,8.89156996512164,7272951794.7764,54.0046992278879,8.15,75277439,785350,"Asia",214511129795.536,250693626749.188,113120971524.972,39135836972.8976,-36182496953.6521,11697.4743620805,95.8520901508882
"Turkiye","TUR",2013,6.67610812297851,72.296304,12.8030796051025,23.7930095050818,957798998031.277,4.37099934,28.7342892947321,27.6799921784829,7.49309030547697,7777902529.16331,53.3380620683892,8.73,76576117,785350,"Europe",227889206641.16,275216734956.353,122627768174.819,41865387882.4737,-47327528315.1925,12507.8031578864,97.5057197427898
"Turkiye","TUR",2013,6.67610812297851,72.296304,12.8030796051025,23.7930095050818,957798998031.277,4.37099934,28.7342892947321,27.6799921784829,7.49309030547697,7777902529.16331,53.3380620683892,8.73,76576117,785350,"Asia",227889206641.16,275216734956.353,122627768174.819,41865387882.4737,-47327528315.1925,12507.8031578864,97.5057197427898
"Turkiye","TUR",2014,6.55723547339657,72.296304,13.3454504013062,25.2055416974053,938934430070.659,4.32517862,28.560759468849,28.1166611892662,8.85457271364318,8041034580.90465,53.8279199427663,9.88,78112073,785350,"Europe",236663509282.755,268166804142.689,125305028665.867,40610591225.235,-31503294859.9344,12020.349659273,99.461479595085
"Turkiye","TUR",2014,6.55723547339657,72.296304,13.3454504013062,25.2055416974053,938934430070.659,4.32517862,28.560759468849,28.1166611892662,8.85457271364318,8041034580.90465,53.8279199427663,9.88,78112073,785350,"Asia",236663509282.755,268166804142.689,125305028665.867,40610591225.235,-31503294859.9344,12020.349659273,99.461479595085
"Turkiye","TUR",2015,6.86837534505832,69.14468,13.0203304290771,24.5312773389092,864313960482.343,4.11690426,26.557266261846,27.8343492901217,7.6708536484588,7579082719.8906,53.4755978613786,10.24,79646178,785350,"Europe",212027254724.834,229538159823.602,112536533599.444,35582978258.8723,-17510905098.7686,10851.9201069804,101.414882536449
"Turkiye","TUR",2015,6.86837534505832,69.14468,13.0203304290771,24.5312773389092,864313960482.343,4.11690426,26.557266261846,27.8343492901217,7.6708536484588,7579082719.8906,53.4755978613786,10.24,79646178,785350,"Asia",212027254724.834,229538159823.602,112536533599.444,35582978258.8723,-17510905098.7686,10851.9201069804,101.414882536449
"Turkiye","TUR",2016,6.14229206403875,69.37882,13.2816600799561,23.0835091311263,869682954136.208,4.28469229,25.244677102771,28.0829597706854,7.77513415328334,8159017621.93208,53.9863511922958,10.84,81019394,785350,"Europe",200753344129.88,219548653589.526,115508333741.692,37263238483.3183,-18795309459.6452,10734.2564687192,103.163422677787
"Turkiye","TUR",2016,6.14229206403875,69.37882,13.2816600799561,23.0835091311263,869682954136.208,4.28469229,25.244677102771,28.0829597706854,7.77513415328334,8159017621.93208,53.9863511922958,10.84,81019394,785350,"Asia",200753344129.88,219548653589.526,115508333741.692,37263238483.3183,-18795309459.6452,10734.2564687192,103.163422677787
"Turkiye","TUR",2017,6.03862979568919,70.9145,12.9663496017456,26.0394223439924,858988578709.755,4.17974997,29.7227464055755,29.1317212602651,11.1443110840764,8183755870.594,53.5364676033054,10.82,82089826,785350,"Europe",223675663896.891,255314996902.758,111379462154.572,35903574860.9244,-31639333005.8671,10464.0077895859,104.526422614121
"Turkiye","TUR",2017,6.03862979568919,70.9145,12.9663496017456,26.0394223439924,858988578709.755,4.17974997,29.7227464055755,29.1317212602651,11.1443110840764,8183755870.594,53.5364676033054,10.82,82089826,785350,"Asia",223675663896.891,255314996902.758,111379462154.572,35903574860.9244,-31639333005.8671,10464.0077895859,104.526422614121
"Turkiye","TUR",2018,5.77601221014132,75.25248,12.4258699417114,31.1528780813097,778476714087.962,4.12363815,31.4014913972396,29.4046222941905,16.3324638988929,7980709485.41311,54.4655976099905,10.89,82809304,785350,"Europe",242517901631.209,244453298403.845,96732504019.0787,32101562770.9976,-1935396772.6362,9400.83633703722,105.442546635258
"Turkiye","TUR",2018,5.77601221014132,75.25248,12.4258699417114,31.1528780813097,778476714087.962,4.12363815,31.4014913972396,29.4046222941905,16.3324638988929,7980709485.41311,54.4655976099905,10.89,82809304,785350,"Asia",242517901631.209,244453298403.845,96732504019.0787,32101562770.9976,-1935396772.6362,9400.83633703722,105.442546635258
"Turkiye","TUR",2019,6.40868714930889,76.79104,12.4700403213501,32.5272015787758,759934804372.319,4.35956669,30.1615273793078,27.2588172210829,15.1768215720023,8087910484.28208,56.362965087973,13.67,83481684,785350,"Europe",247185525685.46,229207944085.646,94764176521.2012,33129864597.1323,17977581599.8136,9103.01239697464,106.298699942701
"Turkiye","TUR",2019,6.40868714930889,76.79104,12.4700403213501,32.5272015787758,759934804372.319,4.35956669,30.1615273793078,27.2588172210829,15.1768215720023,8087910484.28208,56.362965087973,13.67,83481684,785350,"Asia",247185525685.46,229207944085.646,94764176521.2012,33129864597.1323,17977581599.8136,9103.01239697464,106.298699942701
"Turkiye","TUR",2020,6.66815502175033,72.296304,9.38000011444092,28.7331269769847,720288811761.915,4.61794329,32.2228040644612,28.0252013650582,12.2789574462574,7843441035.67845,54.2027215917369,13.11,84135428,785350,"Europe",206961498884.565,232097252512.278,67563091367.5728,33262528851.3801,-25135753627.7123,8561.0643326366,107.131123702808
"Turkiye","TUR",2020,6.66815502175033,72.296304,9.38000011444092,28.7331269769847,720288811761.915,4.61794329,32.2228040644612,28.0252013650582,12.2789574462574,7843441035.67845,54.2027215917369,13.11,84135428,785350,"Asia",206961498884.565,232097252512.278,67563091367.5728,33262528851.3801,-25135753627.7123,8561.0643326366,107.131123702808
"Turkiye","TUR",2021,5.54307698765026,72.296304,10.5277202550103,35.3030142248797,819034484303.169,4.71236919285714,35.5319089745946,31.1137138367434,19.5964926913323,6155102666.26571,52.7538951963999,11.98,84775404,785350,"Europe",289143860500.218,291018587433.142,86225659299.5036,38595928717.1789,-1874726932.9245,9661.22773420424,107.946016425797
"Turkiye","TUR",2021,5.54307698765026,72.296304,10.5277202550103,35.3030142248797,819034484303.169,4.71236919285714,35.5319089745946,31.1137138367434,19.5964926913323,6155102666.26571,52.7538951963999,11.98,84775404,785350,"Asia",289143860500.218,291018587433.142,86225659299.5036,38595928717.1789,-1874726932.9245,9661.22773420424,107.946016425797
"Turkiye","TUR",2022,6.46046479706226,72.296304,10.5277202550103,37.8940143381867,905987824096.127,4.71236919285714,42.603940273982,31.8732802074889,72.3088359891207,6808563227.277,51.1971218593943,10.03,85341241,785350,"Europe",343315155965.212,385986511467.463,95379863665.2947,42693491113.7426,-42671355502.251,10616.0610448133,108.666506653085
"Turkiye","TUR",2022,6.46046479706226,72.296304,10.5277202550103,37.8940143381867,905987824096.127,4.71236919285714,42.603940273982,31.8732802074889,72.3088359891207,6808563227.277,51.1971218593943,10.03,85341241,785350,"Asia",343315155965.212,385986511467.463,95379863665.2947,42693491113.7426,-42671355502.251,10616.0610448133,108.666506653085
"United Arab Emirates","ARE",2012,0.627943991804764,79.072322,5.302161693573,97.6349633773452,384610125391.423,3.4251945,62.3355072418794,56.5680617372237,0.662268900269082,3889672046.4483,42.8039942638918,2.171,8664969,98647.9,"Asia",375513955071.477,239748672566.372,20392650738.1071,13173644861.3501,135765282505.105,44386.7860798374,87.8373386559673
"United Arab Emirates","ARE",2013,0.633172496321641,79.072322,5.54267072677612,98.0075860876661,400218529748.128,3.59299517,63.0928963679193,54.2038149769832,1.10111836375709,4047524297.61863,45.1630125266952,2.032,8751847,98647.9,"Asia",392244520081.688,252509462219.197,22182795291.4833,14379832443.2953,139735057862.491,45729.607675743,88.7180264354335
"United Arab Emirates","ARE",2014,0.628716003480972,79.072322,5.48955917358398,96.9237967434986,414105366752.893,3.63020706,67.1057131201116,51.9897136713276,2.34626865671642,2872234819.45393,47.3815703317669,1.902,8835951,98647.9,"Asia",401366643975.493,277888359428.182,22732559148.887,15032882259.7024,123478284547.311,46865.9645976865,89.5705940014942
"United Arab Emirates","ARE",2015,0.723671590492829,76.28546,6.06917762756348,97.5631880705978,370275469571.137,3.58359146,71.9130486276005,43.3542449306312,4.06996608361594,3314113472.66209,55.9220834715221,1.763,8916899,98647.9,"Asia",361252552756.978,266276378488.768,22472675959.5671,13269160106.0262,94976174268.2097,41525.1389043587,90.3911689959948
"United Arab Emirates","ARE",2016,0.750862915175131,77.43435,5.15527582168579,97.6631210861556,369255326235.534,3.4660213,73.2399666737917,41.0285717283492,1.61748808904194,3558365883.2809,58.2205653564757,1.64,8994263,98647.9,"Asia",360626276378.488,270442477876.106,19036130553.7075,12798468258.7081,90183798502.3826,41054.5395698941,91.1754127558722
"United Arab Emirates","ARE",2017,0.761757604094752,79.30036,5.50105953216553,98.342392206754,390516804029.952,4.05960608,74.4610327833186,42.5280347643157,1.96682557818841,3949407974.52419,56.7102076315896,2.46,9068296,98647.9,"Asia",384043567052.416,290782845473.111,21482561872.7979,15853443919.8216,93260721579.3057,43063.9674785596,91.9258899581238
"United Arab Emirates","ARE",2018,0.711464002250805,81.58883,5.36474275588989,91.994776867123,427049432157.931,4.14547014,65.925796265564,46.9189575863441,3.06863379251991,5459229160.19457,52.3695784114051,2.24,9140169,98647.9,"Asia",392863172226.004,281535738597.686,22910103475.7615,17703206693.1466,111327433628.319,46722.2687193126,92.6544711037944
"United Arab Emirates","ARE",2019,0.746712202794498,80.75261,12.6788196563721,96.6641687524381,417989721742.682,4.29904938,70.7193961702784,44.5245160379612,-1.93108114782168,5488539242.61312,54.7287717592443,2.33,9211657,98647.9,"Asia",404046289993.193,295599807270.252,52996163001.9262,17969584541.0425,108446482722.941,45376.1708390447,93.3791494801207
"United Arab Emirates","ARE",2020,0.963890714422504,79.072322,11.7062301635742,95.9265985861602,349473015330.157,5.67226824,70.6453007391305,42.1740430729321,-2.07940317940942,5065052150.92682,56.8620662126454,4.29,9287289,98647.9,"Asia",335237576582.71,246886262682.097,40910115534.1311,19823046855.9428,88351313900.6127,37629.1741680653,94.1458358464803
"United Arab Emirates","ARE",2021,0.914025943548313,79.072322,6.92843818664551,81.415572826752,415021590687.543,3.34750382619048,61.852370670355,47.4834807905306,-0.013859944401233,4197231880.79604,51.6024932659211,3.11,9365145,98647.9,"Asia",337892205412.961,256700692634.063,28754514372.0194,13892863627.7821,81191512778.8985,44315.554183896,94.9350670414677
"United Arab Emirates","ARE",2022,1.11478615481001,79.072322,6.92843818664551,81.415572826752,507534921715.453,3.34750382619048,61.852370670355,50.2876415133203,4.82788859594433,5132845620.18176,48.5975610175276,2.754,9441129,98647.9,"Asia",413212463810.444,313922381060.938,35164243326.6948,16989750923.6776,99290082749.5053,53757.8632508308,95.7053216540849
"United Kingdom","GBR",2012,0.630033953191641,83.398906,12.1257495880127,30.3745357483273,2706340967030.68,9.93235588,31.5154143520964,18.2572095811389,2.57323479654528,42459241134.261,70.4834871451244,7.88,63700215,243610,"Europe",822038504502.361,852914569540.251,328164128659.942,268803416171.721,-30876065037.8906,42485.5860695396,261.484401297155
"United Kingdom","GBR",2013,0.63311593584904,83.398906,12.6602401733398,30.0492174139425,2786315215249.95,9.84154701,31.606310062975,18.5699232899586,2.29166666666666,44868032375.2867,70.0500926894298,7.52,64128273,243610,"Europe",837265916868.218,880651426263.748,352754198236.953,274216521755.607,-43385509395.5309,43449.091717314,263.24154591355
"United Kingdom","GBR",2014,0.745157762905519,83.398906,13.3537197113037,28.3899685800131,3065223279583.79,9.82684326,30.4673488198314,18.1704473899079,1.45112016293279,49992872160.4449,70.2527395190214,6.11,64602298,243610,"Europe",870215925981.085,933892268697.469,409321325281.25,301214687253.731,-63676342716.384,47447.5889322666,265.187381470383
"United Kingdom","GBR",2015,0.629464476277435,83.33719,13.4902095794678,27.6303254870645,2934857946213.47,9.75462151,29.2826957654303,17.993824043544,0.368046842325369,47962623417.1182,70.5714425522567,5.3,65116219,243610,"Europe",810910803121.758,859405523537.247,395918487803.862,286284284509.283,-48494720415.4884,45071.0743234872,267.296986987398
"United Kingdom","GBR",2016,0.57330450556425,83.34108,13.4486398696899,28.6504713020159,2699659680997.2,9.69526958,30.6057482491531,17.4837118603464,1.00841736811403,44350278856.275,71.0727541072319,4.81,65611593,243610,"Europe",773465222156.197,826251045549.893,363067508204.533,261739283815.247,-52785823393.6958,41146.0773555247,269.330458519765
"United Kingdom","GBR",2017,0.592419789276588,83.21535,13.7612800598145,30.6724482591913,2683488510504.04,9.58797741,32.1271189367139,17.7222821207401,2.55775577557754,44540809224.3199,70.9073058712485,4.33,66058859,243610,"Europe",823091624925.695,862127545422.685,369282369303.406,257292272187.073,-39035920496.9902,40622.6893883232,271.166450474118
"United Kingdom","GBR",2018,0.566929790813985,83.55123,13.3440799713135,31.2349066704984,2878152147315.82,9.65815544,32.7648893812488,17.7604627771263,2.29283990345939,49070766110.4412,70.9201310831043,4,66460344,243610,"Europe",898988137049.042,943023367292.065,384062924233.9,277976408187.46,-44035230243.0232,43306.3083049317,272.814515003489
"United Kingdom","GBR",2019,0.604508324889606,83.54968,13.548210144043,31.2576060558948,2857057847953.02,9.87480068,32.8725470748963,17.6642327287803,1.73810460086511,48798263774.806,71.0898841467011,3.74,66836327,243610,"Europe",893047886902.181,939187686025.376,387080201177.548,282128767797.658,-46139799123.1948,42747.080460496,274.357895817085
"United Kingdom","GBR",2020,0.64377316203971,83.398906,10.5600004196167,29.2371897151774,2704609160088.15,11.97759342,28.878969128657,16.991563305546,0.98948670377243,43773760727.2117,72.59885077413,4.472,67081234,243610,"Europe",790751711189.038,781063244392.686,285606738654.3,323947088795.435,9688466796.35217,40318.4169225055,275.363219900661
"United Kingdom","GBR",2021,0.674772689831851,83.398906,12.8039066223871,28.8199604800537,3122480345924.54,11.93908691,30.0550248739564,17.3016052004937,2.51837109614205,50536953566.1364,71.6029452314859,4.826,67026300,243610,"Europe",899897601692.897,938462244652.02,399799467794.568,372795642247.599,-38564642959.1238,46585.8975644566,275.137720126432
"United Kingdom","GBR",2022,0.709486608666053,83.398906,12.8039066223871,32.7226463308604,3070667732359.21,9.33258695954546,36.2003951449039,17.8609992301017,7.92204883147916,49698372900.8301,70.9539594370349,3.571,66971411,243610,"Europe",1004803742055.76,1111593852701.09,393165429135.045,286572736361.126,-106790110645.339,45850.426122263,274.912405073683
"United States","USA",2012,1.14932964297306,83.668618,15.6003522872925,13.6440493967794,16253972230000,16.11693954,17.0377859689502,19.1626113169507,2.06933726526059,435876261447.56,76.1638003426071,8.07,313877662,9831510,"North America",2217700000000.01,2.769317e+12,2535676928558.69,2619642877157.49,-551616999999.996,51784.4185738837,31.9256820162925
"United States","USA",2013,1.32108416447024,83.668618,16.0238876342773,13.5780743740926,16843190993000,15.98693848,16.4242927670279,19.2416260217373,1.46483265562714,456709858314.471,75.8160535750448,7.37,316059947,9831510,"North America",2286981000000.01,2766374999999.99,2698933998745.04,2692710582119.81,-479393999999.988,53291.1276891406,32.1476504626451
"United States","USA",2014,1.17206510494526,83.668618,16.0036354064941,13.5459593384987,17550680174000,16.19240761,16.4520404415866,19.3315152083176,1.62222297740821,477643504327.255,75.8275409731137,6.17,318386329,9831510,"North America",2377407999999.99,2.887445e+12,2808746866406.8,2841877672101.54,-510037000000.008,55123.8497869046,32.3842755588918
"United States","USA",2015,1.03393378310334,83.59247,13.5456399917603,12.4609931641514,18206020741000,16.48109245,15.3512403383458,18.5871320435183,0.118627135552435,506502403861.724,76.7423962861671,5.28,320738994,9831510,"North America",2.268651e+12,2.79485e+12,2466122026401.07,3000551109790.38,-526198999999.999,56762.7294515989,32.6235739982973
"United States","USA",2016,0.942644552842604,83.58991,13.1542100906372,11.9395387321555,18695110842000,16.79314804,14.6474606283054,18.0422212818459,1.26158320570537,532034810185.469,77.4396929034265,4.87,323071755,9831510,"North America",2232109999999.99,2.738359e+12,2459194156834.17,3139497639939.15,-506249000000.012,57866.7449341091,32.8608479267173
"United States","USA",2017,0.946868677532138,83.59008,13.8646697998047,12.2617381180006,19477336549000,16.76793671,15.0174229040067,18.4354240836094,2.13011000365963,564009130897.465,77.0329386939218,4.36,325122128,9831510,"North America",2.38826e+12,2924993999999.99,2700468398315.53,3265947465330.02,-536733999999.998,59907.754260885,33.0693991055291
"United States","USA",2018,0.903900642655548,83.57395,13.1461801528931,12.3609892157496,20533057312000,16.64094353,15.2493900563462,18.6308982431189,2.44258329692818,616160074310.18,76.7355386223548,3.9,326838199,9831510,"North America",2.538089e+12,3131165999999.99,2699312705132.31,3416894472272.46,-593076999999.989,62823.309438197,33.2439471657965
"United States","USA",2019,0.838812891431208,83.99668,13.3805503845215,11.8724701148898,21380976119000,16.67647362,14.5794793588956,18.2804280414808,1.81221007526015,676940949285.531,77.181114155661,3.67,328329953,9831510,"North America",2.53845e+12,3.117235e+12,2860892282305.3,3565592842183.54,-578785000000.002,65120.3946628653,33.3956790971072
"United States","USA",2020,0.948847431791134,83.668618,12.6499996185303,10.2021257426695,21060473613000,18.81582642,13.1816361351266,17.5084284843618,1.23358439630637,726624259812.782,78.137486413611,8.05,331511512,9831510,"North America",2148615999999.99,2776115000000.01,2664149831705.17,3962702158251.98,-627499000000.02,63528.6343027508,33.7192874746606
"United States","USA",2021,0.959566656543433,83.668618,14.4041796597568,10.8927266773296,23315080560000,15.5758342742857,14.5886735893826,17.8846533610262,4.69785886363739,643343445650.868,77.5992103112853,5.35,332031554,9755517.61904762,"North America",2539648000000.01,3.401361e+12,3358346091679.42,3631518308941.81,-861712999999.989,70219.472454115,34.0352574784663
"United States","USA",2022,1.06070498335589,83.668618,14.4041796597568,11.468218493857,2.54627e+13,15.5758342742857,15.2152165237879,19.7438347907878,8.00279982052117,702603669389.781,75.6411352427708,3.611,333287557,9755517.61904762,"North America",2920118070435.32,3874204937802.54,3667693054224.88,3966027953758.55,-954086867367.22,76398.5917422054,34.1640054392662
